Time_s,Target_Power_Pct,RPM,RPS,Speed_mps
0.0,0.0,0.0,0.0,0.0
0.1,0.0,0.0,0.0,0.0
0.2,0.0,0.0,0.0,0.0
0.3,0.0,0.0,0.0,0.0
0.4,0.0,0.0,0.0,0.0
0.5,0.0,0.0,0.0,0.0
0.61,0.0,0.0,0.0,0.0
0.71,0.0,0.0,0.0,0.0
0.81,0.0,0.0,0.0,0.0
0.91,0.0,0.0,0.0,0.0
1.01,0.0,0.0,0.0,0.0
1.11,0.0,0.0,0.0,0.0
1.21,0.0,0.0,0.0,0.0
1.31,0.0,0.0,0.0,0.0
1.41,0.0,0.0,0.0,0.0
1.51,0.0,0.0,0.0,0.0
1.61,0.0,0.0,0.0,0.0
1.71,0.0,0.0,0.0,0.0
1.81,0.0,0.0,0.0,0.0
1.91,0.0,0.0,0.0,0.0
2.01,0.0,0.0,0.0,0.0
2.11,0.0,0.0,0.0,0.0
2.21,0.0,0.0,0.0,0.0
2.31,0.0,0.0,0.0,0.0
2.41,0.0,0.0,0.0,0.0
2.51,0.0,0.0,0.0,0.0
2.62,0.0,0.0,0.0,0.0
2.72,0.0,0.0,0.0,0.0
2.82,0.0,0.0,0.0,0.0
2.92,0.0,0.0,0.0,0.0
3.02,15.0,0.0,0.0,0.0
3.12,15.0,0.0,0.0,0.0
3.22,15.0,0.0,0.0,0.0
3.32,15.0,0.0,0.0,0.0
3.42,15.0,0.0,0.0,0.0
3.52,15.0,0.0,0.0,0.0
3.62,15.0,0.0,0.0,0.0
3.72,15.0,0.0,0.0,0.0
3.82,15.0,0.0,0.0,0.0
3.92,15.0,0.0,0.0,0.0
4.02,15.0,0.0,0.0,0.0
4.12,15.0,0.0,0.0,0.0
4.22,15.0,0.0,0.0,0.0
4.32,15.0,0.0,0.0,0.0
4.42,15.0,0.0,0.0,0.0
4.52,15.0,0.0,0.0,0.0
4.62,15.0,0.0,0.0,0.0
4.73,15.0,0.0,0.0,0.0
4.83,15.0,0.0,0.0,0.0
4.93,15.0,0.0,0.0,0.0
5.03,15.0,0.0,0.0,0.0
5.13,15.0,0.0,0.0,0.0
5.23,15.0,54.92,0.92,0.96
5.33,15.0,54.92,0.92,0.96
5.43,15.0,54.92,0.92,0.96
5.53,15.0,54.92,0.92,0.96
5.63,15.0,54.92,0.92,0.96
5.73,15.0,54.92,0.92,0.96
5.83,15.0,54.92,0.92,0.96
5.93,15.0,54.92,0.92,0.96
6.03,15.0,54.92,0.92,0.96
6.13,15.0,54.92,0.92,0.96
6.23,15.0,54.92,0.92,0.96
6.33,15.0,54.29,0.9,0.95
6.43,15.0,54.29,0.9,0.95
6.53,15.0,54.29,0.9,0.95
6.63,15.0,54.29,0.9,0.95
6.74,15.0,54.29,0.9,0.95
6.84,15.0,54.29,0.9,0.95
6.94,15.0,54.29,0.9,0.95
7.04,15.0,54.29,0.9,0.95
7.14,15.0,54.29,0.9,0.95
7.24,15.0,54.29,0.9,0.95
7.34,15.0,54.29,0.9,0.95
7.44,15.0,54.29,0.9,0.95
7.54,15.0,53.54,0.89,0.94
7.64,15.0,53.54,0.89,0.94
7.74,15.0,53.54,0.89,0.94
7.84,15.0,53.54,0.89,0.94
7.94,15.0,53.54,0.89,0.94
8.04,15.0,53.54,0.89,0.94
8.14,15.0,53.54,0.89,0.94
8.24,15.0,53.54,0.89,0.94
8.34,15.0,53.54,0.89,0.94
8.44,15.0,53.54,0.89,0.94
8.54,15.0,55.9,0.93,0.98
8.64,15.0,55.9,0.93,0.98
8.75,15.0,55.9,0.93,0.98
8.85,15.0,55.9,0.93,0.98
8.95,15.0,55.9,0.93,0.98
9.05,15.0,55.9,0.93,0.98
9.15,15.0,55.9,0.93,0.98
9.25,15.0,55.9,0.93,0.98
9.35,15.0,55.9,0.93,0.98
9.45,15.0,55.9,0.93,0.98
9.55,15.0,55.9,0.93,0.98
9.65,15.0,54.55,0.91,0.96
9.75,15.0,54.55,0.91,0.96
9.85,15.0,54.55,0.91,0.96
9.95,15.0,54.55,0.91,0.96
10.05,15.0,54.55,0.91,0.96
10.15,15.0,54.55,0.91,0.96
10.25,15.0,54.55,0.91,0.96
10.35,15.0,54.55,0.91,0.96
10.45,15.0,54.55,0.91,0.96
10.55,15.0,54.55,0.91,0.96
10.65,15.0,54.55,0.91,0.96
10.75,15.0,53.68,0.89,0.94
10.86,15.0,53.68,0.89,0.94
10.96,15.0,53.68,0.89,0.94
11.06,15.0,53.68,0.89,0.94
11.16,15.0,53.68,0.89,0.94
11.26,15.0,53.68,0.89,0.94
11.36,15.0,53.68,0.89,0.94
11.46,15.0,53.68,0.89,0.94
11.56,15.0,53.68,0.89,0.94
11.66,15.0,53.68,0.89,0.94
11.76,15.0,53.68,0.89,0.94
11.86,15.0,53.51,0.89,0.94
11.96,15.0,53.51,0.89,0.94
12.06,15.0,53.51,0.89,0.94
12.16,15.0,53.51,0.89,0.94
12.26,15.0,53.51,0.89,0.94
12.36,15.0,53.51,0.89,0.94
12.46,15.0,53.51,0.89,0.94
12.56,15.0,53.51,0.89,0.94
12.66,15.0,53.51,0.89,0.94
12.76,15.0,53.51,0.89,0.94
12.86,15.0,53.51,0.89,0.94
12.96,15.0,54.79,0.91,0.96
13.07,15.0,54.79,0.91,0.96
13.17,15.0,54.79,0.91,0.96
13.27,15.0,54.79,0.91,0.96
13.37,15.0,54.79,0.91,0.96
13.47,15.0,54.79,0.91,0.96
13.57,15.0,54.79,0.91,0.96
13.67,15.0,54.79,0.91,0.96
13.77,15.0,54.79,0.91,0.96
13.87,15.0,54.79,0.91,0.96
13.97,15.0,54.79,0.91,0.96
14.07,15.0,55.27,0.92,0.97
14.17,15.0,55.27,0.92,0.97
14.27,15.0,55.27,0.92,0.97
14.37,15.0,55.27,0.92,0.97
14.47,15.0,55.27,0.92,0.97
14.57,15.0,55.27,0.92,0.97
14.67,15.0,55.27,0.92,0.97
14.77,15.0,55.27,0.92,0.97
14.87,15.0,55.27,0.92,0.97
14.97,15.0,55.27,0.92,0.97
15.08,15.0,55.27,0.92,0.97
15.18,15.0,54.67,0.91,0.96
15.28,15.0,54.67,0.91,0.96
15.38,15.0,54.67,0.91,0.96
15.48,15.0,54.67,0.91,0.96
15.58,15.0,54.67,0.91,0.96
15.68,15.0,54.67,0.91,0.96
15.78,15.0,54.67,0.91,0.96
15.88,15.0,54.67,0.91,0.96
15.98,15.0,54.67,0.91,0.96
16.08,15.0,54.67,0.91,0.96
16.18,15.0,54.67,0.91,0.96
16.28,15.0,54.67,0.91,0.96
16.38,15.0,49.64,0.83,0.87
16.48,15.0,49.64,0.83,0.87
16.58,15.0,49.64,0.83,0.87
16.68,15.0,49.64,0.83,0.87
16.78,15.0,49.64,0.83,0.87
16.88,15.0,49.64,0.83,0.87
16.98,15.0,49.64,0.83,0.87
17.09,15.0,49.64,0.83,0.87
17.19,15.0,49.64,0.83,0.87
17.29,15.0,49.64,0.83,0.87
17.39,15.0,49.64,0.83,0.87
17.49,15.0,54.77,0.91,0.96
17.59,15.0,54.77,0.91,0.96
17.69,15.0,54.77,0.91,0.96
17.79,15.0,54.77,0.91,0.96
17.89,15.0,54.77,0.91,0.96
17.99,15.0,54.77,0.91,0.96
18.09,15.0,54.77,0.91,0.96
18.19,15.0,54.77,0.91,0.96
18.29,15.0,54.77,0.91,0.96
18.39,15.0,54.77,0.91,0.96
18.49,15.0,54.77,0.91,0.96
18.59,15.0,54.34,0.91,0.95
18.69,15.0,54.34,0.91,0.95
18.79,15.0,54.34,0.91,0.95
18.89,15.0,54.34,0.91,0.95
18.99,15.0,54.34,0.91,0.95
19.1,15.0,54.34,0.91,0.95
19.2,15.0,54.34,0.91,0.95
19.3,15.0,54.34,0.91,0.95
19.4,15.0,54.34,0.91,0.95
19.5,15.0,54.34,0.91,0.95
19.6,15.0,54.34,0.91,0.95
19.7,15.0,53.77,0.9,0.94
19.8,15.0,53.77,0.9,0.94
19.9,15.0,53.77,0.9,0.94
20.0,15.0,53.77,0.9,0.94
20.1,15.0,53.77,0.9,0.94
20.2,15.0,53.77,0.9,0.94
20.3,15.0,53.77,0.9,0.94
20.4,15.0,53.77,0.9,0.94
20.5,15.0,53.77,0.9,0.94
20.6,15.0,53.77,0.9,0.94
20.7,15.0,53.77,0.9,0.94
20.8,15.0,53.77,0.9,0.94
20.91,15.0,49.8,0.83,0.87
21.01,15.0,49.8,0.83,0.87
21.11,15.0,49.8,0.83,0.87
21.21,15.0,49.8,0.83,0.87
21.31,15.0,49.8,0.83,0.87
21.41,15.0,49.8,0.83,0.87
21.51,15.0,49.8,0.83,0.87
21.61,15.0,49.8,0.83,0.87
21.71,15.0,49.8,0.83,0.87
21.81,15.0,49.8,0.83,0.87
21.91,15.0,49.8,0.83,0.87
22.01,15.0,54.11,0.9,0.95
22.11,15.0,54.11,0.9,0.95
22.21,15.0,54.11,0.9,0.95
22.31,15.0,54.11,0.9,0.95
22.42,15.0,54.11,0.9,0.95
22.52,15.0,54.11,0.9,0.95
22.62,15.0,54.11,0.9,0.95
22.72,15.0,54.11,0.9,0.95
22.82,15.0,54.11,0.9,0.95
22.92,15.0,54.11,0.9,0.95
23.02,15.0,54.11,0.9,0.95
23.12,15.0,53.86,0.9,0.95
23.22,15.0,53.86,0.9,0.95
23.32,15.0,53.86,0.9,0.95
23.42,15.0,53.86,0.9,0.95
23.52,15.0,53.86,0.9,0.95
23.62,15.0,53.86,0.9,0.95
23.72,15.0,53.86,0.9,0.95
23.82,15.0,53.86,0.9,0.95
23.92,15.0,53.86,0.9,0.95
24.02,15.0,53.86,0.9,0.95
24.13,15.0,53.86,0.9,0.95
24.23,15.0,54.62,0.91,0.96
24.33,15.0,54.62,0.91,0.96
24.43,15.0,54.62,0.91,0.96
24.53,15.0,54.62,0.91,0.96
24.63,15.0,54.62,0.91,0.96
24.73,15.0,54.62,0.91,0.96
24.83,15.0,54.62,0.91,0.96
24.93,15.0,54.62,0.91,0.96
25.03,15.0,54.62,0.91,0.96
25.13,15.0,54.62,0.91,0.96
25.23,15.0,54.62,0.91,0.96
25.33,15.0,54.62,0.91,0.96
25.43,15.0,50.41,0.84,0.88
25.53,15.0,50.41,0.84,0.88
25.63,15.0,50.41,0.84,0.88
25.74,15.0,50.41,0.84,0.88
25.84,15.0,50.41,0.84,0.88
25.94,15.0,50.41,0.84,0.88
26.04,15.0,50.41,0.84,0.88
26.14,15.0,50.41,0.84,0.88
26.24,15.0,50.41,0.84,0.88
26.34,15.0,50.41,0.84,0.88
26.44,15.0,50.41,0.84,0.88
26.54,15.0,54.82,0.91,0.96
26.64,15.0,54.82,0.91,0.96
26.74,15.0,54.82,0.91,0.96
26.84,15.0,54.82,0.91,0.96
26.94,15.0,54.82,0.91,0.96
27.04,15.0,54.82,0.91,0.96
27.14,15.0,54.82,0.91,0.96
27.24,15.0,54.82,0.91,0.96
27.34,15.0,54.82,0.91,0.96
27.44,15.0,54.82,0.91,0.96
27.54,15.0,54.82,0.91,0.96
27.64,15.0,53.19,0.89,0.93
27.74,15.0,53.19,0.89,0.93
27.85,15.0,53.19,0.89,0.93
27.95,15.0,53.19,0.89,0.93
28.05,15.0,53.19,0.89,0.93
28.15,15.0,53.19,0.89,0.93
28.25,15.0,53.19,0.89,0.93
28.35,15.0,53.19,0.89,0.93
28.45,15.0,53.19,0.89,0.93
28.55,15.0,53.19,0.89,0.93
28.65,15.0,53.19,0.89,0.93
28.75,15.0,55.16,0.92,0.97
28.85,15.0,55.16,0.92,0.97
28.95,15.0,55.16,0.92,0.97
29.05,15.0,55.16,0.92,0.97
29.15,15.0,55.16,0.92,0.97
29.25,15.0,55.16,0.92,0.97
29.35,15.0,55.16,0.92,0.97
29.45,15.0,55.16,0.92,0.97
29.55,15.0,55.16,0.92,0.97
29.65,15.0,55.16,0.92,0.97
29.75,15.0,55.16,0.92,0.97
29.85,15.0,53.92,0.9,0.95
29.96,15.0,53.92,0.9,0.95
30.06,15.0,53.92,0.9,0.95
30.16,15.0,53.92,0.9,0.95
30.26,15.0,53.92,0.9,0.95
30.36,15.0,53.92,0.9,0.95
30.46,15.0,53.92,0.9,0.95
30.56,15.0,53.92,0.9,0.95
30.66,15.0,53.92,0.9,0.95
30.76,15.0,53.92,0.9,0.95
30.86,15.0,53.92,0.9,0.95
30.96,15.0,53.13,0.89,0.93
31.06,15.0,53.13,0.89,0.93
31.16,15.0,53.13,0.89,0.93
31.26,15.0,53.13,0.89,0.93
31.36,15.0,53.13,0.89,0.93
31.46,15.0,53.13,0.89,0.93
31.56,15.0,53.13,0.89,0.93
31.66,15.0,53.13,0.89,0.93
31.76,15.0,53.13,0.89,0.93
31.86,15.0,53.13,0.89,0.93
31.97,15.0,53.13,0.89,0.93
32.07,15.0,53.13,0.89,0.93
32.17,15.0,49.52,0.83,0.87
32.27,15.0,49.52,0.83,0.87
32.37,15.0,49.52,0.83,0.87
32.47,15.0,49.52,0.83,0.87
32.57,15.0,49.52,0.83,0.87
32.67,15.0,49.52,0.83,0.87
32.77,15.0,49.52,0.83,0.87
32.87,15.0,49.52,0.83,0.87
32.97,15.0,49.52,0.83,0.87
33.07,15.0,49.52,0.83,0.87
33.17,15.0,49.52,0.83,0.87
33.27,15.0,53.51,0.89,0.94
33.37,15.0,53.51,0.89,0.94
33.47,15.0,53.51,0.89,0.94
33.57,15.0,53.51,0.89,0.94
33.67,15.0,53.51,0.89,0.94
33.77,15.0,53.51,0.89,0.94
33.87,15.0,53.51,0.89,0.94
33.97,15.0,53.51,0.89,0.94
34.07,15.0,53.51,0.89,0.94
34.18,15.0,53.51,0.89,0.94
34.28,15.0,53.51,0.89,0.94
34.38,15.0,53.51,0.89,0.94
34.48,15.0,52.24,0.87,0.92
34.58,15.0,52.24,0.87,0.92
34.68,15.0,52.24,0.87,0.92
34.78,15.0,52.24,0.87,0.92
34.88,15.0,52.24,0.87,0.92
34.98,15.0,52.24,0.87,0.92
35.08,15.0,52.24,0.87,0.92
35.18,15.0,52.24,0.87,0.92
35.28,15.0,52.24,0.87,0.92
35.38,15.0,52.24,0.87,0.92
35.48,15.0,52.24,0.87,0.92
35.58,15.0,52.49,0.87,0.92
35.68,15.0,52.49,0.87,0.92
35.78,15.0,52.49,0.87,0.92
35.88,15.0,52.49,0.87,0.92
35.98,15.0,52.49,0.87,0.92
36.08,15.0,52.49,0.87,0.92
36.18,15.0,52.49,0.87,0.92
36.28,15.0,52.49,0.87,0.92
36.39,15.0,52.49,0.87,0.92
36.49,15.0,52.49,0.87,0.92
36.59,15.0,52.49,0.87,0.92
36.69,15.0,52.49,0.87,0.92
36.79,15.0,52.49,0.87,0.92
36.89,15.0,47.28,0.79,0.83
36.99,15.0,47.28,0.79,0.83
37.09,15.0,47.28,0.79,0.83
37.19,15.0,47.28,0.79,0.83
37.29,15.0,47.28,0.79,0.83
37.39,15.0,47.28,0.79,0.83
37.49,15.0,47.28,0.79,0.83
37.59,15.0,47.28,0.79,0.83
37.69,15.0,47.28,0.79,0.83
37.79,15.0,47.28,0.79,0.83
37.89,15.0,47.28,0.79,0.83
37.99,15.0,52.29,0.87,0.92
38.09,15.0,52.29,0.87,0.92
38.19,15.0,52.29,0.87,0.92
38.29,15.0,52.29,0.87,0.92
38.39,15.0,52.29,0.87,0.92
38.5,15.0,52.29,0.87,0.92
38.6,15.0,52.29,0.87,0.92
38.7,15.0,52.29,0.87,0.92
38.8,15.0,52.29,0.87,0.92
38.9,15.0,52.29,0.87,0.92
39.0,15.0,52.29,0.87,0.92
39.1,15.0,52.29,0.87,0.92
39.2,15.0,52.12,0.87,0.91
39.3,15.0,52.12,0.87,0.91
39.4,15.0,52.12,0.87,0.91
39.5,15.0,52.12,0.87,0.91
39.6,15.0,52.12,0.87,0.91
39.7,15.0,52.12,0.87,0.91
39.8,15.0,52.12,0.87,0.91
39.9,15.0,52.12,0.87,0.91
40.0,15.0,52.12,0.87,0.91
40.1,15.0,52.12,0.87,0.91
40.2,15.0,52.12,0.87,0.91
40.31,15.0,53.8,0.9,0.94
40.41,15.0,53.8,0.9,0.94
40.51,15.0,53.8,0.9,0.94
40.61,15.0,53.8,0.9,0.94
40.71,15.0,53.8,0.9,0.94
40.81,15.0,53.8,0.9,0.94
40.91,15.0,53.8,0.9,0.94
41.01,15.0,53.8,0.9,0.94
41.11,15.0,53.8,0.9,0.94
41.21,15.0,53.8,0.9,0.94
41.31,15.0,53.8,0.9,0.94
41.41,15.0,55.06,0.92,0.97
41.51,15.0,55.06,0.92,0.97
41.61,15.0,55.06,0.92,0.97
41.71,15.0,55.06,0.92,0.97
41.81,15.0,55.06,0.92,0.97
41.91,15.0,55.06,0.92,0.97
42.01,45.0,55.06,0.92,0.97
42.12,45.0,55.06,0.92,0.97
42.22,45.0,55.06,0.92,0.97
42.32,45.0,55.06,0.92,0.97
42.42,45.0,55.06,0.92,0.97
42.52,45.0,55.06,0.92,0.97
42.62,45.0,48.8,0.81,0.86
42.72,45.0,48.8,0.81,0.86
42.82,45.0,48.8,0.81,0.86
42.92,45.0,48.8,0.81,0.86
43.02,45.0,48.8,0.81,0.86
43.12,45.0,48.8,0.81,0.86
43.22,45.0,48.8,0.81,0.86
43.32,45.0,48.8,0.81,0.86
43.42,45.0,69.48,1.16,1.22
43.52,45.0,69.48,1.16,1.22
43.62,45.0,69.48,1.16,1.22
43.72,45.0,69.48,1.16,1.22
43.82,45.0,69.48,1.16,1.22
43.92,45.0,69.48,1.16,1.22
44.02,45.0,69.48,1.16,1.22
44.12,45.0,69.48,1.16,1.22
44.23,45.0,81.45,1.36,1.43
44.33,45.0,81.45,1.36,1.43
44.43,45.0,81.45,1.36,1.43
44.53,45.0,81.45,1.36,1.43
44.63,45.0,81.45,1.36,1.43
44.73,45.0,81.45,1.36,1.43
44.83,45.0,81.45,1.36,1.43
44.93,45.0,82.57,1.38,1.45
45.03,45.0,82.57,1.38,1.45
45.13,45.0,82.57,1.38,1.45
45.23,45.0,82.57,1.38,1.45
45.33,45.0,82.57,1.38,1.45
45.43,45.0,82.57,1.38,1.45
45.53,45.0,82.57,1.38,1.45
45.63,45.0,82.6,1.38,1.45
45.73,45.0,82.6,1.38,1.45
45.83,45.0,82.6,1.38,1.45
45.93,45.0,82.6,1.38,1.45
46.03,45.0,82.6,1.38,1.45
46.13,45.0,82.6,1.38,1.45
46.23,45.0,82.6,1.38,1.45
46.34,45.0,82.6,1.38,1.45
46.44,45.0,82.6,1.38,1.45
46.54,45.0,82.6,1.38,1.45
46.64,45.0,82.6,1.38,1.45
46.74,45.0,82.6,1.38,1.45
46.84,45.0,82.6,1.38,1.45
46.94,45.0,82.6,1.38,1.45
47.04,45.0,82.6,1.38,1.45
47.14,45.0,82.92,1.38,1.46
47.24,45.0,82.92,1.38,1.46
47.34,45.0,82.92,1.38,1.46
47.44,45.0,82.92,1.38,1.46
47.54,45.0,82.92,1.38,1.46
47.64,45.0,82.92,1.38,1.46
47.74,45.0,82.92,1.38,1.46
47.84,45.0,82.48,1.37,1.45
47.94,45.0,82.48,1.37,1.45
48.04,45.0,82.48,1.37,1.45
48.14,45.0,82.48,1.37,1.45
48.24,45.0,82.48,1.37,1.45
48.34,45.0,82.48,1.37,1.45
48.45,45.0,82.48,1.37,1.45
48.55,45.0,83.11,1.39,1.46
48.65,45.0,83.11,1.39,1.46
48.75,45.0,83.11,1.39,1.46
48.85,45.0,83.11,1.39,1.46
48.95,45.0,83.11,1.39,1.46
49.05,45.0,83.11,1.39,1.46
49.15,45.0,83.11,1.39,1.46
49.25,45.0,82.67,1.38,1.45
49.35,45.0,82.67,1.38,1.45
49.45,45.0,82.67,1.38,1.45
49.55,45.0,82.67,1.38,1.45
49.65,45.0,82.67,1.38,1.45
49.75,45.0,82.67,1.38,1.45
49.85,45.0,82.67,1.38,1.45
49.95,45.0,82.77,1.38,1.45
50.05,45.0,82.77,1.38,1.45
50.15,45.0,82.77,1.38,1.45
50.26,45.0,82.77,1.38,1.45
50.36,45.0,82.77,1.38,1.45
50.46,45.0,82.77,1.38,1.45
50.56,45.0,82.77,1.38,1.45
50.66,45.0,82.77,1.38,1.45
50.76,45.0,82.6,1.38,1.45
50.86,45.0,82.6,1.38,1.45
50.96,45.0,82.6,1.38,1.45
51.06,45.0,82.6,1.38,1.45
51.16,45.0,82.6,1.38,1.45
51.26,45.0,82.6,1.38,1.45
51.36,45.0,82.6,1.38,1.45
51.46,45.0,82.39,1.37,1.45
51.56,45.0,82.39,1.37,1.45
51.66,45.0,82.39,1.37,1.45
51.76,45.0,82.39,1.37,1.45
51.86,45.0,82.39,1.37,1.45
51.96,45.0,82.39,1.37,1.45
52.06,45.0,82.39,1.37,1.45
52.16,45.0,82.51,1.38,1.45
52.26,45.0,82.51,1.38,1.45
52.37,45.0,82.51,1.38,1.45
52.47,45.0,82.51,1.38,1.45
52.57,45.0,82.51,1.38,1.45
52.67,45.0,82.51,1.38,1.45
52.77,45.0,82.51,1.38,1.45
52.87,45.0,82.47,1.37,1.45
52.97,45.0,82.47,1.37,1.45
53.07,45.0,82.47,1.37,1.45
53.17,45.0,82.47,1.37,1.45
53.27,45.0,82.47,1.37,1.45
53.37,45.0,82.47,1.37,1.45
53.47,45.0,82.47,1.37,1.45
53.57,45.0,82.47,1.37,1.45
53.67,45.0,82.63,1.38,1.45
53.77,45.0,82.63,1.38,1.45
53.87,45.0,82.63,1.38,1.45
53.97,45.0,82.63,1.38,1.45
54.07,45.0,82.63,1.38,1.45
54.17,45.0,82.63,1.38,1.45
54.27,45.0,82.63,1.38,1.45
54.37,45.0,82.7,1.38,1.45
54.48,45.0,82.7,1.38,1.45
54.58,45.0,82.7,1.38,1.45
54.68,45.0,82.7,1.38,1.45
54.78,45.0,82.7,1.38,1.45
54.88,45.0,82.7,1.38,1.45
54.98,45.0,82.7,1.38,1.45
55.08,45.0,82.43,1.37,1.45
55.18,45.0,82.43,1.37,1.45
55.28,45.0,82.43,1.37,1.45
55.38,45.0,82.43,1.37,1.45
55.48,45.0,82.43,1.37,1.45
55.58,45.0,82.43,1.37,1.45
55.68,45.0,82.43,1.37,1.45
55.78,45.0,82.52,1.38,1.45
55.88,45.0,82.52,1.38,1.45
55.98,45.0,82.52,1.38,1.45
56.08,45.0,82.52,1.38,1.45
56.18,45.0,82.52,1.38,1.45
56.28,45.0,82.52,1.38,1.45
56.38,45.0,82.52,1.38,1.45
56.48,45.0,82.52,1.38,1.45
56.58,45.0,82.3,1.37,1.44
56.69,45.0,82.3,1.37,1.44
56.79,45.0,82.3,1.37,1.44
56.89,45.0,82.3,1.37,1.44
56.99,45.0,82.3,1.37,1.44
57.09,45.0,82.3,1.37,1.44
57.19,45.0,82.3,1.37,1.44
57.29,45.0,82.8,1.38,1.45
57.39,45.0,82.8,1.38,1.45
57.49,45.0,82.8,1.38,1.45
57.59,45.0,82.8,1.38,1.45
57.69,45.0,82.8,1.38,1.45
57.79,45.0,82.8,1.38,1.45
57.89,45.0,82.8,1.38,1.45
57.99,45.0,82.58,1.38,1.45
58.09,45.0,82.58,1.38,1.45
58.19,45.0,82.58,1.38,1.45
58.29,45.0,82.58,1.38,1.45
58.39,45.0,82.58,1.38,1.45
58.49,45.0,82.58,1.38,1.45
58.59,45.0,82.58,1.38,1.45
58.69,45.0,82.31,1.37,1.44
58.79,45.0,82.31,1.37,1.44
58.9,45.0,82.31,1.37,1.44
59.0,45.0,82.31,1.37,1.44
59.1,45.0,82.31,1.37,1.44
59.2,45.0,82.31,1.37,1.44
59.3,45.0,82.31,1.37,1.44
59.4,45.0,82.31,1.37,1.44
59.5,45.0,81.6,1.36,1.43
59.6,45.0,81.6,1.36,1.43
59.7,45.0,81.6,1.36,1.43
59.8,45.0,81.6,1.36,1.43
59.9,45.0,81.6,1.36,1.43
60.0,45.0,81.6,1.36,1.43
60.1,45.0,81.6,1.36,1.43
60.2,45.0,82.49,1.37,1.45
60.3,45.0,82.49,1.37,1.45
60.4,45.0,82.49,1.37,1.45
60.5,45.0,82.49,1.37,1.45
60.61,45.0,82.49,1.37,1.45
60.71,45.0,82.49,1.37,1.45
60.81,45.0,82.49,1.37,1.45
60.91,45.0,82.85,1.38,1.45
61.01,45.0,82.85,1.38,1.45
61.11,45.0,82.85,1.38,1.45
61.21,45.0,82.85,1.38,1.45
61.31,45.0,82.85,1.38,1.45
61.41,45.0,82.85,1.38,1.45
61.51,45.0,82.85,1.38,1.45
61.61,45.0,82.78,1.38,1.45
61.71,45.0,82.78,1.38,1.45
61.81,45.0,82.78,1.38,1.45
61.91,45.0,82.78,1.38,1.45
62.01,45.0,82.78,1.38,1.45
62.11,45.0,82.78,1.38,1.45
62.21,45.0,82.78,1.38,1.45
62.32,45.0,82.78,1.38,1.45
62.42,45.0,82.7,1.38,1.45
62.52,45.0,82.7,1.38,1.45
62.62,45.0,82.7,1.38,1.45
62.72,45.0,82.7,1.38,1.45
62.82,45.0,82.7,1.38,1.45
62.92,45.0,82.7,1.38,1.45
63.02,45.0,82.7,1.38,1.45
63.12,45.0,82.17,1.37,1.44
63.22,45.0,82.17,1.37,1.44
63.32,45.0,82.17,1.37,1.44
63.42,45.0,82.17,1.37,1.44
63.52,45.0,82.17,1.37,1.44
63.62,45.0,82.17,1.37,1.44
63.72,45.0,82.17,1.37,1.44
63.82,45.0,82.08,1.37,1.44
63.92,45.0,82.08,1.37,1.44
64.02,45.0,82.08,1.37,1.44
64.12,45.0,82.08,1.37,1.44
64.22,45.0,82.08,1.37,1.44
64.32,45.0,82.08,1.37,1.44
64.42,45.0,82.08,1.37,1.44
64.53,45.0,82.89,1.38,1.46
64.63,45.0,82.89,1.38,1.46
64.73,45.0,82.89,1.38,1.46
64.83,45.0,82.89,1.38,1.46
64.93,45.0,82.89,1.38,1.46
65.03,45.0,82.89,1.38,1.46
65.13,45.0,82.89,1.38,1.46
65.23,45.0,82.8,1.38,1.45
65.33,45.0,82.8,1.38,1.45
65.43,45.0,82.8,1.38,1.45
65.53,45.0,82.8,1.38,1.45
65.63,45.0,82.8,1.38,1.45
65.73,45.0,82.8,1.38,1.45
65.83,45.0,82.8,1.38,1.45
65.93,45.0,82.8,1.38,1.45
66.03,45.0,82.85,1.38,1.45
66.13,45.0,82.85,1.38,1.45
66.23,45.0,82.85,1.38,1.45
66.33,45.0,82.85,1.38,1.45
66.43,45.0,82.85,1.38,1.45
66.53,45.0,82.85,1.38,1.45
66.63,45.0,82.85,1.38,1.45
66.74,45.0,82.52,1.38,1.45
66.84,45.0,82.52,1.38,1.45
66.94,45.0,82.52,1.38,1.45
67.04,45.0,82.52,1.38,1.45
67.14,45.0,82.52,1.38,1.45
67.24,45.0,82.52,1.38,1.45
67.34,45.0,82.52,1.38,1.45
67.44,45.0,81.6,1.36,1.43
67.54,45.0,81.6,1.36,1.43
67.64,45.0,81.6,1.36,1.43
67.74,45.0,81.6,1.36,1.43
67.84,45.0,81.6,1.36,1.43
67.94,45.0,81.6,1.36,1.43
68.04,45.0,81.6,1.36,1.43
68.14,45.0,81.6,1.36,1.43
68.24,45.0,77.9,1.3,1.37
68.34,45.0,77.9,1.3,1.37
68.44,45.0,77.9,1.3,1.37
68.54,45.0,77.9,1.3,1.37
68.64,45.0,77.9,1.3,1.37
68.75,45.0,77.9,1.3,1.37
68.85,45.0,77.9,1.3,1.37
68.95,45.0,82.74,1.38,1.45
69.05,45.0,82.74,1.38,1.45
69.15,45.0,82.74,1.38,1.45
69.25,45.0,82.74,1.38,1.45
69.35,45.0,82.74,1.38,1.45
69.45,45.0,82.74,1.38,1.45
69.55,45.0,82.74,1.38,1.45
69.65,45.0,83.23,1.39,1.46
69.75,45.0,83.23,1.39,1.46
69.85,45.0,83.23,1.39,1.46
69.95,45.0,83.23,1.39,1.46
70.05,45.0,83.23,1.39,1.46
70.15,45.0,83.23,1.39,1.46
70.25,45.0,83.23,1.39,1.46
70.35,45.0,83.14,1.39,1.46
70.45,45.0,83.14,1.39,1.46
70.55,45.0,83.14,1.39,1.46
70.66,45.0,83.14,1.39,1.46
70.76,45.0,83.14,1.39,1.46
70.86,45.0,83.14,1.39,1.46
70.96,45.0,83.14,1.39,1.46
71.06,45.0,83.14,1.39,1.46
71.16,45.0,83.08,1.38,1.46
71.26,45.0,83.08,1.38,1.46
71.36,45.0,83.08,1.38,1.46
71.46,45.0,83.08,1.38,1.46
71.56,45.0,83.08,1.38,1.46
71.66,45.0,83.08,1.38,1.46
71.76,45.0,83.08,1.38,1.46
71.86,45.0,83.09,1.38,1.46
71.96,45.0,83.09,1.38,1.46
72.06,45.0,83.09,1.38,1.46
72.16,45.0,83.09,1.38,1.46
72.26,45.0,83.09,1.38,1.46
72.36,45.0,83.09,1.38,1.46
72.46,45.0,83.09,1.38,1.46
72.56,45.0,83.54,1.39,1.47
72.66,45.0,83.54,1.39,1.47
72.76,45.0,83.54,1.39,1.47
72.87,45.0,83.54,1.39,1.47
72.97,45.0,83.54,1.39,1.47
73.07,45.0,83.54,1.39,1.47
73.17,45.0,83.54,1.39,1.47
73.27,45.0,83.14,1.39,1.46
73.37,45.0,83.14,1.39,1.46
73.47,45.0,83.14,1.39,1.46
73.57,45.0,83.14,1.39,1.46
73.67,45.0,83.14,1.39,1.46
73.77,45.0,83.14,1.39,1.46
73.87,45.0,83.14,1.39,1.46
73.97,45.0,83.31,1.39,1.46
74.07,45.0,83.31,1.39,1.46
74.17,45.0,83.31,1.39,1.46
74.27,45.0,83.31,1.39,1.46
74.37,45.0,83.31,1.39,1.46
74.47,45.0,83.31,1.39,1.46
74.57,45.0,83.31,1.39,1.46
74.67,45.0,83.31,1.39,1.46
74.77,45.0,82.9,1.38,1.46
74.87,45.0,82.9,1.38,1.46
74.98,45.0,82.9,1.38,1.46
75.08,45.0,82.9,1.38,1.46
75.18,45.0,82.9,1.38,1.46
75.28,45.0,82.9,1.38,1.46
75.38,45.0,82.9,1.38,1.46
75.48,45.